,,dRICH config,,,,Beam,,,,,Firmware,,SiPM status,,Run,,,,,,,,,,,,,,,,,,,,,,,,,,,
Date,Time,radiator gas,mirror (mm),rad. aerogel,mirror (mm),Status,Polarity,Collimators,GeV,Trigger,Imaging,Timing,Temperature (C),Bias Voltage (V),Calibration,DCR scan,Physics,N spills,GEM,Triggers,Quality,Archived,Notes,,,,,,,,,,,,,,,,,,,
date of the runbook entry,time of the run book entry ,,,,position of the dRICH aerogel mirror along Z xaxis,"beam status, wheather beam is ON or OFF",the polarity of the beam,,the momentum of the beam,,the firmware used for the KC705s on the imaging readout (all but 200),the firmware use for the KC705 for the timing readout (200),"the setpoint temperature, use notes for exceptions",the bias voltage,run name of the baselne calibration run as received on Telegram message,run name of the DCR scan as received on Telegram message,,number of spills collected in the run,,,"the quality of the run has to be stated, if good bad or some warnings ",,,,,,,,,,,,,,,,,,,,,
26/05/2024,morning,,,"aerogel 1.02
2x 2 cm tiles
AG22-J001 (1.021)
AG22-J003 (1.0207)
side B",75,off,negative,,11.5,"193: Luca-and-16x10
194: Luca-GEM",dual-ext-std-tb2024-base.02,single-ext-std-tb2024-base.02,-20,,,,,,,,,,,,,,,,,,,,,,,,,,,,,
,,,,,,,,,,,,,,,20240526-130232,,,,,,,,baseline problems with kc705-199 chip-1 lane-3,,,,,,,,,,,,,,,,,,,
,,,,,,,,,,,,,,,20240526-140313,,,,,,,,"only on kc705-199, still problems as above",,,,,,,,,,,,,,,,,,,
,,,,,,,,,,,,,,,20240526-141034,,,,,,,,"again, only on kc705-199, manually edited",,,,,,,,,,,,,,,,,,,
,,,,,,,,,,,,,,53,,20240526-143658,,,,,,,"test DCR scan, looks ok",,,,,,,,,,,,,,,,,,,
,,,,,,,,,,,,,,,,,,,,,,,,,,,,,,,,,,,,,,,,,,
,afternoon,,,,,on,negative,12,11.5,,,,,,,,20240526-150232,10,,,bad,,"pilot run, forgot to set thresholds",,,,,,,,,,,,,,,,,,,
,,,,,,,,,,,,,,,,,20240526-150909,10,,,warning,,deltathr = 5,,,,,,,,,,,,,,,,,,,
,,,,,,,,4,,,,,,,,,20240526-153451,10,,,warning,,collimators = 4 mm,,,,,,,,,,,,,,,,,,,
,,,,,,,,,,,,,,,,,20240526-154039,10,,,warning,,deltathr = 8,,,,,,,,,,,,,,,,,,,
,,,,,,,,,,,,,,,,,20240526-160007,10,,,warning,,"deltathr = 10 | changed spill gate: 1.3 s delay, 300 ms width [nominal was 1.1 s delay, 600 ms width]",,,,,,,,,,,,,,,,,,,
,,,,,,,,,,193: Luca back,,,,,,,20240526-164435,10,,,warning,,changed trigger in Luca rear | collimators = 12 mm,,,,,,,,,,,,,,,,,,,
,,,,,,,,,,,,,,,,,20240526-165134,10,,,warning,,deltathr = 8,,,,,,,,,,,,,,,,,,,
,,,,,,,,,,,,,,,,,20240526-170105,10,,,warning,,deltathr = 10,,,,,,,,,,,,,,,,,,,
,,,,,,,,,,,,,,54,,,20240526-171211,10,,,warning,,deltathr = 15 | Vbias = 54 & alcor init,,,,,,,,,,,,,,,,,,,
,,,,,,,,,,,,,,,,,20240526-171823,10,,,warning,,"no alcor init, to check if kc705-199 fifo 11 is stuck",,,,,,,,,,,,,,,,,,,
,,,,,,,,,,,,,,,,,20240526-172525,10,,,warning,,"kc705-199 init, No change, maybe pixel stuck",,,,,,,,,,,,,,,,,,,
,,,,,,,,,,193: Luca AND,,,,,,,20240526-173411,10,,,warning,,Changed trigger in Luca AND,,,,,,,,,,,,,,,,,,,
,evening,,,,,,,,,,,,,,,,20240526-202228,10,,,good,,"done serious dRICH alignment, which was not ",,,,,,,,,,,,,,,,,,,
,,,,,,,,,,,,,,,,,,,,,,,,,,,,,,,,,,,,,,,,,,
,,,,,75,,,,,,,,,,,,20240526-204847,50,,,good,,,,,,,,,,,,,,,,,,,,,
,,,,,75,,,,,,,,,,,,20240526-212506,50,,,good,,"spill gate back to originale 1.1 s delta, 500 ms width | START OF MIRROR SCAN",,,,,,,,,,,,,,,,,,,
,,,,,70,,,,,,,,,,,,20240526-214648,50,,,good,,,,,,,,,,,,,,,,,,,,,
,,,,,65,,,,,,,,,,,,20240526-220929,10,,,good,,,,,,,,,,,,,,,,,,,,,
,,,,,60,,,,,,,,,,,,20240526-221557,10,,,good,,,,,,,,,,,,,,,,,,,,,
,,,,,80,,,,,,,,,,,,20240526-222205,10,,,good,,,,,,,,,,,,,,,,,,,,,
,,,,,85,,,,,,,,,,,,20240526-222751,10,,,good,,,,,,,,,,,,,,,,,,,,,
,,,,,90,,,,,,,,,,,,20240526-223322,10,,,good,,,,,,,,,,,,,,,,,,,,,
,,,,,95,,,,,,,,,,,,20240526-223957,10,,,good,,,,,,,,,,,,,,,,,,,,,
,,,,,100,,,,,,,,,,,,20240526-224653,10,,,good,,,,,,,,,,,,,,,,,,,,,
,,,,,55,,,,,,,,,,,,20240526-225403,10,,,good,,,,,,,,,,,,,,,,,,,,,
,,,,,50,,,,,,,,,,,,20240526-230701,10,,,good,,,,,,,,,,,,,,,,,,,,,
,,,,,40,,,,,,,,,,,,20240526-231457,10,,,good,,,,,,,,,,,,,,,,,,,,,
,,,,,30,,,,,,,,,,,,20240526-234138,10,,,good,,,,,,,,,,,,,,,,,,,,,
,,,,,75,,,,,,,,,,,,20240526-235529,10,,,good,,,,,,,,,,,,,,,,,,,,,
,,,,,20,,,,,,,,,,,,20240527-000410,10,,,good,,,,,,,,,,,,,,,,,,,,,
,,,,,45,,,,,,,,,,,,20240527-001117,10,,,good,,,,,,,,,,,,,,,,,,,,,
,night,,,,50,,,,,,,,,,,,,,,,,,MOMENTUM SCAN,,,,,,,,,,,,,,,,,,,
,,,,,,,,,,,,,,,,,,,,,,,,,,,,,,,,,,,,,,,,,,
,,,,,,,,,,,,,,,,,,,,,,,,,,,,,,,,,,,,,,,,,,
27/05/2024,morning,,,,50,on,negative,12,11.5,,,,,,,,20240527-105518,10,,,good,,"mirror scan, again at 50 with -11.5 GeV/c",,,,,,,,,,,,,,,,,,,
,,,,,20,,,,,,,,,,,,20240527-110422,10,,,good,,,,,,,,,,,,,,,,,,,,,
,,,,,10,,,,,,,,,,,,20240527-111009,10,,,good,,,,,,,,,,,,,,,,,,,,,
,,,,,0,,,,,,,,,,,,20240527-111636,10,,,good,,,,,,,,,,,,,,,,,,,,,
,,,,,110,,,,,,,,,,,,20240527-112432,10,,,good,,,,,,,,,,,,,,,,,,,,,
,,,,,120,,,,,,,,,,,,20240527-112432,10,,,bad,,Power cut,,,,,,,,,,,,,,,,,,,
,,,,,,,,,,,,,,,,,,,,,,,timing backside trips on ALCOR digital,,,,,,,,,,,,,,,,,,,
,,,,,,,,,,,,,,,,,,,,,,,"excluded chip-2 of kc705-200, which is timing back",,,,,,,,,,,,,,,,,,,
,,,,,,off,,,,,,,,,,,20240527-134015,5,,,bad,,TEST run to restart,,,,,,,,,,,,,,,,,,,
,,,,,,off,,,,,,,,,,,20240527-134825,5,,,bad,,TEST run to restart: waiting for temperature to stabilize,,,,,,,,,,,,,,,,,,,
,,,,,,off,,,,,,,,,,,20240527-135253,10,,,bad,,TEST run to restart: waiting for temperature to stabilize,,,,,,,,,,,,,,,,,,,
,,,,,,on,,,,,,,,,,,20240527-140236,5,,,bad,,TEST run to restart: checking the beam operations. Some blanks spots so ALCOR is reinitialized and few photons,,,,,,,,,,,,,,,,,,,
,,,,,,on,,,,,,,,,,,20240527-142146,5,,,bad,,Now it's good,,,,,,,,,,,,,,,,,,,
,,,,,100,on,,,,,,,,,,,20240527-142623,10,,,good,,Position of the mirror back to 100,,,,,,,,,,,,,,,,,,,
,,,,,120,,,,,,,,,,,,20240527-143549,10,,,need QA,,back to the scan: 120,,,,,,,,,,,,,,,,,,,
,,,,,130,,,,,,,,,,,,20240527-144641,10,,,warning,,few photons,,,,,,,,,,,,,,,,,,,
,,,,,140,,,,,,,,,,,,20240527-145357,10,,,need QA,,,,,,,,,,,,,,,,,,,,,
,,,,,140,,,,,,,,,,,,20240527-150539,10,,,,,tried to initialize ALCORs again,,,,,,,,,,,,,,,,,,,
,,,,,,,,,,,,,,,,,,,,,,,,,,,,,,,,,,,,,,,,,,
,,,,,,,,,,,,,,,,,,,,,,,ACCESS TO FIX TIMING BACK-SIDE,,,,,,,,,,,,,,,,,,,
,,,,,,,,,,,,,,,,,,,,,,,"we will mount the scintillator in the place of the tracking matrix, we swap the FireFly cables to keep the channel mapping the same",,,,,,,,,,,,,,,,,,,
,,,,,,,,,,,,,,,,,,,,,,,,,,,,,,,,,,,,,,,,,,
,,,,,,,,,,,,,,,,,,,,,,,REPLACED THE ALCOR BOARD in TIMING BACK with a ALCOR v2.0 CHIP. NOW TRACKING IS WITH ALCOR v2.0,,,,,,,,,,,,,,,,,,,
,,,,,,,,,,,,,,,20240527-171034,,,,,,,,"INIT FROM SCRATCH, BASELINE CALIBRATION TO ALL",,,,,,,,,,,,,,,,,,,
,,,,,,,,,,,,,,,,,,,,,,,deltathr = 15 (cherenkov),,,,,,,,,,,,,,,,,,,
,,,,,,,,,,,,,,,,,,,,,,,deltethr = 25 (timing),,,,,,,,,,,,,,,,,,,
,,,,,,,,,,,,,,,,,,,,,,,deltathr = 1 (tracking),,,,,,,,,,,,,,,,,,,
,,,,,20,on,negative,12,11.5,,,,-20,54,,,20240527-190539,10,,,good,,TEST RUN,,,,,,,,,,,,,,,,,,,
,,,,,,,,,,,,,,,,,20240527-191549,10,,,good,,,,,,,,,,,,,,,,,,,,,
,,,,,,,,,,,,,,,,,,,,,,,OpMode = 0 on kc705-199 chip-2 channel 25 ,,,,,,,,,,,,,,,,,,,
,,,,,,,,,,,,,,,,,,,,,,,adjusted by hands threshold on kc705-199 chip-1 channel-30 and channel-35,,,,,,,,,,,,,,,,,,,
,,,,,,,,,,,,,,,,,20240527-193830,10,,,good,,,,,,,,,,,,,,,,,,,,,
,,,,,,,,,,,,,,,,,20240527-194649,50,,,warning,,,,,,,,,,,,,,,,,,,,,
,,,,,75,,,,,,,,,,,,20240527-201403,50,,,,,mirror at 75 mm,,,,,,,,,,,,,,,,,,,
,,,,,,,,,,,,,,,,,,,,,,,,,,,,,,,,,,,,,,,,,,
,,,,,20,,,,,,,,,,,,,,,,,,SETTING THRESHOLD CHERENKOV | CET043 at 2 bar | CET040 at 6.5 bar,,,,,,,,,,,,,,,,,,,
,,,,,,,,,,,,,,,,,,,,,,,MEMO THERSHOLD: 2 bar per pion ID e tagliare i K fino a 12 GeV | 6.5 bar per tagliare i protoni fino a 12 GeV,,,,,,,,,,,,,,,,,,,
,,,,,,,,,,"193: Luca-and-16x10
194: Luca-GEM
195: Cherenkov CET043
196: Cherenkov CET040",,,,,,,,,,,,,,,,,,,,,,,,,,,,,,,,
,,,,,,,,,,,,,,,,,,,,,,,,,,,,,,,,,,,,,,,,,,
,,,,,,on,positive,12,8,,,,,,,,20240527-214643,5,,,good,,TEST RUN WITH POSITIVE BEAM,,,,,,,,,,,,,,,,,,,
,,,,,,,,6,,,,,,,,,20240527-215804,10,,,,,,,,,,,,,,,,,,,,,,,,
,,,,,,,,,2,,,,,,,,20240527-221053,50,,,,,,,,,,,,,,,,,,,,,,,,
,,,,,,,,,,,,,,,,,20240527-223705,,,,bad,,,,,,,,,,,,,,,,,,,,,
,,,,,,,,,,,,,,,,,20240527-223822,,,,bad,,,,,,,,,,,,,,,,,,,,,
,,,,,,,,,,,,,,,,,20240527-224456,,,,bad,,,,,,,,,,,,,,,,,,,,,
,,,,,,,,,,,,,,,,,20240527-224747,,,,bad,,,,,,,,,,,,,,,,,,,,,
,,,,,,,,,,,,,,,,,20240527-225045,,,,bad,,,,,,,,,,,,,,,,,,,,,
,,,,,,,,,,,,,,,,,20240527-230311,5,,,bad,,,,,,,,,,,,,,,,,,,,,
,,,,,,,,,,,,,,,,,,,,,,,,,,,,,,,,,,,,,,,,,,
27/05/2024,night,,,,,,,,,,,,,,,,,,,,,,MOMENTUM SCAN WITH POSITIVE BEAM,,,,,,,,,,,,,,,,,,,
,,,,,,,,,,,,,,,,,,,,,,,,,,,,,,,,,,,,,,,,,,
28/05/2024,morning,,,,,,,,,,,,,,,,,,,,,,"[09:30] warming up, we do operation for aerogel ",,,,,,,,,,,,,,,,,,,
,,,,with PASS 400-450,20,on,negative,12,11.5,,,,-20,54,,,,,,,,,mounted FILTER PASS_400_450,,,,,,,,,,,,,,,,,,,
,,,,,,,,,,,,,,,,,,,,,,,,,,,,,,,,,,,,,,,,,,
,afternoon,,,,,,,,,,,,,,,,20240528-133821,10,,,good,,STARTING,,,,,,,,,,,,,,,,,,,
,,,,,,,,,,,,,,,,,20240528-135112,10,,,,,,,,,,,,,,,,,,,,,,,,
,,,,,,,,,,,,,,,,,20240528-140354,100,,,bad,,LONG RUNS with FILTER 400-450 --> stopped NO BEAM,,,,,,,,,,,,,,,,,,,
,,,,,,,,,,,,,,,,,20240528-143620,10,,,bad,,problems with magnet ,,,,,,,,,,,,,,,,,,,
,,,,,,,,,,,,,,,,,20240528-144352,10,,,bad,,still,,,,,,,,,,,,,,,,,,,
,,,,,,,,,,,,,,,,,20240528-150547,10,,,bad,,magnet intervention needed,,,,,,,,,,,,,,,,,,,
,,,,,,,,,,,,,,,,,,,,,,,,,,,,,,,,,,,,,,,,,,
,,,,,,,,,,,,,,,,,,,,,,,WARMING UP to mount FILTER 350,,,,,,,,,,,,,,,,,,,
,,,,with FILTER 350,,,,,,,,,,,,,,,,,,,mounted filter 350,,,,,,,,,,,,,,,,,,,
,,,,,,,,,,,,,,,,,,,,,,,,,,,,,,,,,,,,,,,,,,
,,,,,,,,,,,,,,,,,,,,,,,"magnet is back, cooling down ",,,,,,,,,,,,,,,,,,,
,evening,,,,,,,,,,,,,,,,20240528-180358,10,,,good,,STARTING,,,,,,,,,,,,,,,,,,,
,,,,,,,,,,,,,,,,,20240528-181325,10,,,good,,,,,,,,,,,,,,,,,,,,,
,,,,,,,,,,,,,,,,,20240528-181849,100,,,good,,,,,,,,,,,,,,,,,,,,,
,,,,,,,,,,,,,,,,,20240528-185003,100,,,warning,,might need to be decoded again,,,,,,,,,,,,,,,,,,,
,,,,,,,,,,,,,,,,,20240528-192022,100,,,bad,,disk full,,,,,,,,,,,,,,,,,,,
,,,,,,,,,,,,,,,,,20240528-192626,100,,,bad,,disk full,,,,,,,,,,,,,,,,,,,
,,,,,,,,,,,,,,,,,20240528-194117,100,,,bad,,magnet issue,,,,,,,,,,,,,,,,,,,
,,,,,,,,,,,,,,,,,20240528-201440,100,,,bad,,magnet issue,,,,,,,,,,,,,,,,,,,
,,,,,,,,,,,,,,,,,20240528-203618,10,,,good,,,,,,,,,,,,,,,,,,,,,
,,,,,,,,,,,,,,,,,20240528-204147,50,,,good,,,,,,,,,,,,,,,,,,,,,
,,,,,,,,,,,,,,,,,20240528-210219,50,,,good,,,,,,,,,,,,,,,,,,,,,
,,,,,,,,,,,,,,,,,20240528-214845,25,,,good,,,,,,,,,,,,,,,,,,,,,
,,,,,,,,,,,,,,,,,20240528-221301,25,,,,,da vedere il grafico,,,,,,,,,,,,,,,,,,,
,,,,,,,,,,,,,,,,,20240528-222352,50,,,bad,,magnete giu,,,,,,,,,,,,,,,,,,,
,,,,,,,,,,,,,,,,,20240528-223027,25,,,good,,,,,,,,,,,,,,,,,,,,,
,,,,,,,,,,,,,,,,,20240528-224021,50,,,bad,,magnete giu,,,,,,,,,,,,,,,,,,,
,,,,,,,,,,,,,,,,,20240528-224425,25,,,good,,,,,,,,,,,,,,,,,,,,,
,,,,,,,,,,,,,,,,,20240528-225409,25,,,bad,,magnete giu,,,,,,,,,,,,,,,,,,,
,,,,,,,,,,,,,,,,,20240528-225902,25,,,good,,,,,,,,,,,,,,,,,,,,,
,,,,,,,,,,,,,,,,,20240528-232244,25,,,good,,,,,,,,,,,,,,,,,,,,,
,,,,,,,,,,,,,,,,,20240528-234802,25,,,good,,,,,,,,,,,,,,,,,,,,,
,,,,,,,,,,,,,,,,,20240529-001739,25,,,good,,,,,,,,,,,,,,,,,,,,,
,,,,,,,,,,,,,,,,,20240529-004311,50,,,good,,,,,,,,,,,,,,,,,,,,,
,,,,,,,,,,,,,,,,,20240529-012359,100,,,good,,one lane of kc705-194 with fifo full from about spill 50  (max fifo 8193),,,,,,,,,,,,,,,,,,,
,,,,,,,,,,,,,,,,,20240529-020609,100,,,good,,again the same lane as before with fifo full but from spill 94,,,,,,,,,,,,,,,,,,,
,,,,,,,,,,,,,,,,,20240529-024707,50,,,good,,,,,,,,,,,,,,,,,,,,,
,,,,,,,,,,,,,,,,,20240529-030822,50,,,good,,,,,,,,,,,,,,,,,,,,,
,,,,,,,,,,,,,,,,,20240529-033436,100,,,good,,,,,,,,,,,,,,,,,,,,,
,,,,,,,,,,,,,,,,,20240528-041607,200,,,good,,one lane of kc705-194 and of kc705-198 with fifo full ,,,,,,,,,,,,,,,,,,,
,,,,,,,,,,,,,,,,,20240529-054504,100,,,need QA,,"one lane of kc705-193,kc705-194 and of kc705-198 with fifo full ",,,,,,,,,,,,,,,,,,,
,,,,,,,,,,,,,,,,,20240529-063456,5,,,bad,,short run started  just because previous run got stacked in running mode after last spill,,,,,,,,,,,,,,,,,,,
,,,,,,,,,,,,,,,,,20240529-064146,100,,,good,,"one lane of kc705-193,kc705-194 and of kc705-198 with fifo full ",,,,,,,,,,,,,,,,,,,
,,,,,,,,,,,,,,,,,20240529-071142,100,,,need QA,,plots are empty,,,,,,,,,,,,,,,,,,,
,,,,,,,,,,,,,,,,,20240529-073443,50,,,bad,,"magnet off, no triggers",,,,,,,,,,,,,,,,,,,
,,,,,,,,,,,,,,,,,20240529-080038,10,,,good,,,,,,,,,,,,,,,,,,,,,
,,,,,,,,,,,,,,,,,,,,,,,,,,,,,,,,,,,,,,,,,,
29/05/2024,morning,,,,,,,,,,,,,,,,,,,,,,warming up for filter change,,,,,,,,,,,,,,,,,,,
,,,,with PASS 400-450,20,,,,,,,,-20,54,,,,,,,,,mounted FILTER PASS_400_450,,,,,,,,,,,,,,,,,,,
,,,,,,,,,,,,,,,,,,,,,,,,,,,,,,,,,,,,,,,,,,
,,,,,,on,negative,12,11.5,,,,,,,,20240529-094910,10,,,good,,"TEST RUN, looks good",,,,,,,,,,,,,,,,,,,
,,,,,,on,negative,12,11.5,,,,,,,,20240529-095327,50,,,warning,,beam lost after 30 spills,,,,,,,,,,,,,,,,,,,
,,,,,,on,negative,12,11.5,,,,,,,,20240529-101753,50,,,warning,,beam lost after 19 spills,,,,,,,,,,,,,,,,,,,
,,,,,,on,negative,12,11.5,,,,,,,,,,,,,,BOOSTER POPSB issues,,,,,,,,,,,,,,,,,,,
,,,,,,on,negative,12,11.5,,,,,,,,20240529-110432,10,,,good,,beam back,,,,,,,,,,,,,,,,,,,
,,,,,,on,negative,12,11.5,,,,,,,,20240529-110807,50,,,bad,,mnagnet troubles,,,,,,,,,,,,,,,,,,,
,,,,,,on,negative,12,11.5,,,,,,,,20240529-111248,10,,,good,,,,,,,,,,,,,,,,,,,,,
,,,,,,on,negative,12,11.5,,,,,,,,20240529-111607,10,,,good,,,,,,,,,,,,,,,,,,,,,
,,,,,,on,negative,12,11.5,,,,,,,,20240529-111933,10,,,good,,,,,,,,,,,,,,,,,,,,,
,,,,,,on,negative,12,11.5,,,,,,,,20240529-112329,50,,,warning,,"not best run, plenty of full FIFOs",,,,,,,,,,,,,,,,,,,
,,,,,,on,negative,12,11.5,,,,,,,,20240529-113933,50,,,warning,,"beam lost after 30 spills, magnet trouble",,,,,,,,,,,,,,,,,,,
,,,,,,on,negative,12,11.5,,,,,,,,20240529-121229,10,,,good,,,,,,,,,,,,,,,,,,,,,
,,,,,,on,negative,12,11.5,,,,,,,,20240529-121737,10,,,good,,,,,,,,,,,,,,,,,,,,,
,,,,,,on,negative,12,11.5,,,,,,,,20240529-122216,10,,,good,,,,,,,,,,,,,,,,,,,,,
,,,,,,on,negative,12,11.5,,,,,,,,20240529-122709,10,,,good,,,,,,,,,,,,,,,,,,,,,
,,,,,,on,negative,12,11.5,,,,,,,,20240529-123118,10,,,good,,,,,,,,,,,,,,,,,,,,,
,,,,,,on,negative,12,11.5,,,,,,,,20240529-123537,25,,,good,,,,,,,,,,,,,,,,,,,,,
,,,,,,on,negative,12,11.5,,,,,,,,20240529-124515,25,,,good,,,,,,,,,,,,,,,,,,,,,
,,,,,,on,negative,12,11.5,,,,,,,,20240529-125500,25,,,good,,,,,,,,,,,,,,,,,,,,,
,,,,,,on,negative,12,11.5,,,,,,,,,,,,,,,,,,,,,,,,,,,,,,,,,
,,,,,,on,negative,12,11.5,,,,,,,,,,,,,,warming up for filter change,,,,,,,,,,,,,,,,,,,
,,,,with PASS 450-500,,on,negative,12,11.5,,,,,,,,,,,,,,mounted FILTER PASS_450_500,,,,,,,,,,,,,,,,,,,
,,,,,,on,negative,12,11.5,,,,,,,,,,,,,,,,,,,,,,,,,,,,,,,,,
,,,,,,on,negative,12,11.5,,,,,,,,20240529-143123,10,,,good,,TESTING,,,,,,,,,,,,,,,,,,,
,,,,,,on,negative,12,11.5,,,,,,,,20240529-143844,10,,,good,,beam lost at last spill?,,,,,,,,,,,,,,,,,,,
,,,,,,on,negative,12,11.5,,,,,,,,20240529-144747,10,,,good,,several FIFOs full,,,,,,,,,,,,,,,,,,,
,,,,,,on,negative,12,11.5,,,,,,,,20240529-145727,25,,,good,,beam lost after 20 spill,,,,,,,,,,,,,,,,,,,
,,,,,,on,negative,12,11.5,,,,,,,,20240529-152459,25,,,good,,,,,,,,,,,,,,,,,,,,,
,,,,,,on,negative,12,11.5,,,,,,,,,25,,,good,,,,,,,,,,,,,,,,,,,,,
,,,,,,on,negative,12,11.5,,,,,,,,20240529-154459,25,,,good,,,,,,,,,,,,,,,,,,,,,
,,,,,,on,negative,12,11.5,,,,,,,,,,,,,,,,,,,,,,,,,,,,,,,,,
,,,,,,on,negative,12,11.5,,,,,,,,,,,,,,,,,,,,,,,,,,,,,,,,,
,,,,,,on,negative,12,11.5,,,,,,,,,,,,,,warming up for filter change,,,,,,,,,,,,,,,,,,,
,,,,with PASS 500-550,,on,negative,12,11.5,,,,,,,,,,,,,,mounted FILTER PASS_500_550 ,,,,,,,,,,,,,,,,,,,
,,,,,,on,negative,12,11.5,,,,,,,,,,,,,,,,,,,,,,,,,,,,,,,,,
,,,,,,on,negative,12,11.5,,,,,,,,20240529-171339,10,,,good,,testing,,,,,,,,,,,,,,,,,,,
,,,,,,on,negative,12,11.5,,,,,,,,20240529-172321,10,,,good,,testing,,,,,,,,,,,,,,,,,,,
,,,,,,on,negative,12,11.5,,,,,,,,20240529-173251,25,,,good,,,,,,,,,,,,,,,,,,,,,
,,,,,,on,negative,12,11.5,,,,,,,,20240529-174909,25,,,good,,,,,,,,,,,,,,,,,,,,,
,,,,,,,,,,,,,,,,,20240529-175828,25,,,bad,,stopped at spill 12 for NO beam,,,,,,,,,,,,,,,,,,,
,,,,,,,,,,,,,,,,,,,,,,,warming up for filter change,,,,,,,,,,,,,,,,,,,
,,,,,,,,,,,,,,,,,,,,,,,mounted FILTER PASS_550_600 ,,,,,,,,,,,,,,,,,,,
,,,,,,,,,,,,,,,,,,,,,,,,,,,,,,,,,,,,,,,,,,
,,,,,,,,,,,,,,,,,20240529-193154,10,,,good,,testing,,,,,,,,,,,,,,,,,,,
,,,,,,,,,,,,,,,,,20240529-194329,10,,,good,,testing,,,,,,,,,,,,,,,,,,,
,,,,,,,,,,,,,,,,,20240529-195439,25,,,good,,,,,,,,,,,,,,,,,,,,,
,,,,,,,,,,,,,,,,,20240529-201633,25,,,good,,,,,,,,,,,,,,,,,,,,,
,,,,,,,,,,,,,,,,,20240529-202847,50,,,good,,,,,,,,,,,,,,,,,,,,,
,,,,,,,,,,,,,,,,,20240529-205645,50,,,good,,,,,,,,,,,,,,,,,,,,,
,,,,,,,,,,,,,,,,,20240529-211829,50,,,good,,,,,,,,,,,,,,,,,,,,,
,,,,,,,,,,,,,,,,,20240529-214021,50,,,good,,,,,,,,,,,,,,,,,,,,,
,,,,,,,,,,,,,,,,,,,,,,,,,,,,,,,,,,,,,,,,,,
30/05/2024,morning,,,"aerogel 1.02
3x 2 cm tiles
AG22-J001 (1.021)
AG22-J003 (1.0207)
TSA1-2b (1.0206)
side B",,,,,,,,,,,,,,,,,,,"we are warm, putting 3 aerogel tiles",,,,,,,,,,,,,,,,,,,
,,,,,,,,,,,,,,,,,20240530-103255,10,,,good,,"TESTING, ok, but seems we get spurious triggers?",,,,,,,,,,,,,,,,,,,
,,,,,,,,,,,,,,,,,20240530-103956,10,,,good,,,,,,,,,,,,,,,,,,,,,
,,,,,,,,,,,,,,,,,20240530-104507,10,,,good,,,,,,,,,,,,,,,,,,,,,
,,,,,,,,,,,,,,,,,20240530-104944,10,,,good,,,,,,,,,,,,,,,,,,,,,
,,,,,,,,,,,,,,,,,"
20240530-105400",50,,,good,,,,,,,,,,,,,,,,,,,,,
,,,,,,,,,,,,,,,,,20240530-111452,50,,,good,,,,,,,,,,,,,,,,,,,,,
,,,,,,,,,,,,,,,,,,,,,,,,,,,,,,,,,,,,,,,,,,
,,,,,,,,,,,,,,,,,,,,,,,we go warm to put one tile,,,,,,,,,,,,,,,,,,,
,,,,,,,,,,,,,,,,,,,,,,,"we realised that we did not put the black cloth on the box, might be the source of the noise on the upper part of the sensors",,,,,,,,,,,,,,,,,,,
,,,,,,,,,,,,,,,,,,,,,,,,,,,,,,,,,,,,,,,,,,
,,,,,,off,,,,,,,,,,,20240530-124341,8,,,good,,"TESTING, no beam, background run",,,,,,,,,,,,,,,,,,,
,,,,,,,,,,,,,,,,,,,,,,,,,,,,,,,,,,,,,,,,,,
,,,,,,on,negative,12,11.5,,,,,,,,20240530-124929,10,,,good,,"TESTING, now beam is ok, and the noise on the upper part of the sensors is gone",,,,,,,,,,,,,,,,,,,
,,,,,,,,,,,,,,,,,20240530-125446,50,,,good,,,,,,,,,,,,,,,,,,,,,
,,,,,,,,,,,,,,,,,20240530-131508,50,,,good,,,,,,,,,,,,,,,,,,,,,
,,,,,,,,,,,,,,,,,20240530-133757,50,,,good,,,,,,,,,,,,,,,,,,,,,
,,,,,,,,,,,,,,,,,,,,,,,,,,,,,,,,,,,,,,,,,,
,,,,"aerogel 1.02
1x 2 cm tiles
AG22-J001 (1.021)
side B",,,,,,,,,,,,,,,,,,,go warm to put one tile,,,,,,,,,,,,,,,,,,,
,,,,,,,,,,,,,,,,,20240530-165520,10,,,bad,,"two runs started contiguously,this should be empty, it was running in parallel ",,,,,,,,,,,,,,,,,,,
,,,,,,,,,,,,,,,,,20240530-165546,10,,,bad,,empty run,,,,,,,,,,,,,,,,,,,
,,,,,,,,,,,,,,,,,20240530-170722,5,,,bad,,empty run,,,,,,,,,,,,,,,,,,,
,,,,,,,,,,,,,,,,,20240530-171711,10,,,bad,,probably good,,,,,,,,,,,,,,,,,,,
,,,,,,,,,,,,,,,,,20240530-172411,50,,,bad,,"stopped at 19 spills, probably good",,,,,,,,,,,,,,,,,,,
,,,,,,,,,,,,,,,,,20240530-174706,50,,,good,,,,,,,,,,,,,,,,,,,,,
,,,,,,,,,,,,,,,,,20240530-180746,50,,,good,,,,,,,,,,,,,,,,,,,,,
,,,,,,,,,,,,,,,,,,,,,,,,,,,,,,,,,,,,,,,,,,
,,,,none,,,,,,,,,,,,,,,,,,,NO AEROGEL,,,,,,,,,,,,,,,,,,,
,,,,,,,,,,,,,,,,,        20240530-194756        ,10,,,good,,,,,,,,,,,,,,,,,,,,,
,,,,,,,,,,,,,,,,,20240530-200252,50,,,good,,,,,,,,,,,,,,,,,,,,,
,,,,,,,,,,,,,,,,,20240530-202344,50,,,good,,,,,,,,,,,,,,,,,,,,,
,,,,,,,,,,,,,,,,,20240530-204413,50,,,good,,,,,,,,,,,,,,,,,,,,,
,,,,,,,,,,,,,,,,,20240530-210507,50,,,good,,,,,,,,,,,,,,,,,,,,,
,,,,,,,,,,,,,,,,,20240530-212533,50,,,good,,,,,,,,,,,,,,,,,,,,,
,,,,"aerogel 1.02
2x 2 cm tiles
AG22-J001 (1.021)
AG22-J003 (1.0207)
side B",,,,,,,,,,,,,,,,,,,,,,,,,,,,,,,,,,,,,,
,,,,with FILTER 300,,,,,,,,,,,,,,,,,,,AEROGEL 2 TILE 2+2 + filtro 280-320nm,,,,,,,,,,,,,,,,,,,
,,,,,,,,,,,,,,,,,20240530-230448,10,,,good,,,,,,,,,,,,,,,,,,,,,
,,,,,,,,,,,,,,,,,20240530-233229,50,,,good,,,,,,,,,,,,,,,,,,,,,
,,,,,,,,,,,,,,,,,20240531-000808,50,,,good,,,,,,,,,,,,,,,,,,,,,
,,,,,,,,,,,,,,,,,20240531-002916,50,,,good,,,,,,,,,,,,,,,,,,,,,
,,,,,,,,,,,,,,,,,20240531-004950,50,,,good,,,,,,,,,,,,,,,,,,,,,
,,,,,,,,,,,,,,,,,20240531-011114,50,,,good,,,,,,,,,,,,,,,,,,,,,
,,,,,,,,,,,,,,,,,20240531-013205,50,,,good,,,,,,,,,,,,,,,,,,,,,
,,,,,,,,,,,,,,,,,20240531-015413,50,,,good,,,,,,,,,,,,,,,,,,,,,
,,,,,,,,,,,,,,,,,20240531-021446,100,,,good,,,,,,,,,,,,,,,,,,,,,
,,,,,,,,,,,,,,,,,20240531-025403,100,,,good,,,,,,,,,,,,,,,,,,,,,
,,,,,,,,,,,,,,,,,20240531-033330,100,,,good,,,,,,,,,,,,,,,,,,,,,
,,,,,,,,,,,,,,,,,20240531-041304,100,,,good,,,,,,,,,,,,,,,,,,,,,
,,,,,,,,,,,,,,,,,20240531-045232,100,,,good,,,,,,,,,,,,,,,,,,,,,
,,,,,,,,,,,,,,,,,20240531-053138,100,,,warning,,"stopped at 92, FPGa program time ended",,,,,,,,,,,,,,,,,,,
,,,,with FILTER > 600,,,,,,,,,,,,,,,,,,,mounted filter >600nm,,,,,,,,,,,,,,,,,,,
,,,,,,,,,,,,,,,,,20240531-093524,10,,,bad,,baselines not good,,,,,,,,,,,,,,,,,,,
,,,,,,,,,,,,,,,,,20240531-095343,10,,,bad,,baselines not good,,,,,,,,,,,,,,,,,,,
,,,,,,,,,,,,,,,,,20240531-101024,50,,,bad,,baselines not good,,,,,,,,,,,,,,,,,,,
,,,,,,,,,,,,,,,,,20240531-103706,50,,,bad,,baselines not good,,,,,,,,,,,,,,,,,,,
,,,,,,,,,,,,,,,,,20240531-110044,5,,,bad,,baselines not good,,,,,,,,,,,,,,,,,,,
,,,,,,,,,,,,,,,,,20240531-113612,5,,,bad,,,,,,,,,,,,,,,,,,,,,
,,,,,,,,,,,,,,,,,20240531-151359,5,,,good,,test post fix,,,,,,,,,,,,,,,,,,,
,,,,,,,,,,,,,,,,,20240531-152445,50,,,good,,,,,,,,,,,,,,,,,,,,,
,,,,,,,,,,,,,,,,,20240531-160041,50,,,good,,,,,,,,,,,,,,,,,,,,,
,,,,,,,,,,,,,,,,,20240531-161807,50,,,good,,,,,,,,,,,,,,,,,,,,,
,,,,,,,,,,,,,,,,,20240531-163657,50,,,good,,,,,,,,,,,,,,,,,,,,,
,,,,"4x aerogel tiles:
--Beam--
-TSA1-3b (1.0199)
-TSA1-2b (1.0206)
-AG22J003 (1.0207)
-AG22J001 (1.0210)
--detector--",,,,,,,,,,,,,,,,,,,4x aerogel tiles,,,,,,,,,,,,,,,,,,,
,,,,,,,,,,,,,,,,,20240531-185438,5,,,bad,,start test - not stable in T,,,,,,,,,,,,,,,,,,,
,,,,,,,,,,,,,,,,,20240531-190343,50,,,bad,,not stable in T,,,,,,,,,,,,,,,,,,,
,,,,,,,,,,,,,,,,,20240531-192327,50,,,warning,,"stop command sent due to no beam with 33 spills collected. It did not stop and the run started to increment spill number again once the beam was back, after about 5 minutes",,,,,,,,,,,,,,,,,,,
,,,,,,,,,,,,,,,,,20240531-195813,50,,,good,,,,,,,,,,,,,,,,,,,,,
,,,,,,,,,,,,,,,,,20240531-201710,50,,,good,,,,,,,,,,,,,,,,,,,,,
,,,,2x aerogel tiles: TSA1.024 AG22J009 (1.0260) AG22J010 (1.0261),,,,,,,,,,,,,,,,,,,cambio aerogel 2x tiles --- Momentum Scan 1.026 ---,,,,,,,,,,,,,,,,,min,h,
,,,,,,,,,,,,,,,,,20240531-225443,5,,,good,,start test,,,,,,,,,,,spill,min,h,,pos+neg,0,#REF!,#REF!,#REF!
,,,,,,,,,,,,,,,,,,,,,,,See proper tab below,,,,,,,,,,,,,,,,,,,
,,,,,,on,negative,12,11.5,,,,,,,,,,,,,,--- Test di sync con GEM ---,,,,,,,,,,,,,,,,,,,
,,,,"2x aerogel tiles:
--Beam--
-AG24H001(1.026)
-AG24H006(1.026)
--detector--",,,,,,,,,,,,,20240601-093806,6,1986,1000,warning,,"test, fail -> started in preparing and not running",,,,,,,,,,,spill,min,h,,pos+neg,0,#REF!,#REF!,#REF!
,,,,,,,,,,,,,,,,,20240601-094500,6,1987,1000,good,,992 / 1000 TRG by GEM,,,,,,,,,,,,,,,,,,,
,,,,,,,,,,,,,,,,,20240601-095157,4,1988,666,good,,666 / 666 TRG by GEM,,,,,,,,,,,,,,,,,,,
,,,,,,,,,,,,,,,,,,,,,,,cambio aerogel 2x tiles,,,,,,,,,,,,,,,,,,,
,,,,,,,,,,,,,,,,,20240601-113946,15,1992,3000,good,,Test with GEM,,,,,,,,,,,,,,,,,,,
,,,,,,,,,,,,,,,,,20240601-115754,50,1993,10000,good,,,,,,,,,,,,,,,,,,,,,
,,,,,,,,,,,,,,,,,20240601-122225,50,1994,10000,good,,,,,,,,,,,,,,,,,,,,,
,,C2F6 (1.0008),,No aerogel,,,,,,,,,,,,,20240601-123931,50,1995,10000,good,,,,,,,,,,,,,,,,,,,,,
,,,,,,,,,,,,,,,,,,,,,,, === GAS ===,,,,,,,,,,,,,,,,,,,
,,,,,,,,,,,,,,,,,20240601-221239,5,no,no,need QA,,test after gas,,,,,,,,,,,,,,,,,,,
,,,,,,,,,,,,,,,,,,,,,,,,,,,,,,,,,,,,,,,,,,
01/06/2024,night,,,,,,,,,,,,,,,,,,,,,,MIRROR SCAN,,,,,,,,,,,,,,,,,,,
,,,,,"aerogel mirror = 20 mm
gas mirror = 70 mm",,,,,,,,,,,,,,,,,,posizione post scan 70mm ,,,,,,,,,,,,,,,,,,,
,,,,,,,,,,,,,,,,,,,,,,,"GAS in, momentum scan",,,,,,,,,,,,,,,,,,,
,,,,,,,,,,,,,,,,,,,,,,,See tab Momentum Scan Gas + 1.026,,,,,,,,,,,,,,,,,,,
,,,,,,on,negative,12,11.5,,,,,,,,20240602-000143,50,yes,10418,good,,NEG - 11.5 GeV - Coll. 12 - test for momentum scan with GEM (good data),,,,,,,,,,,,,,,,,,,
,,,,,,on,positive,6,11.5,,,,,,,,20240602-001745,50,yes,13701,good,,POS - 11.5 GeV - Coll. 6 - test for momentum scan with GEM (good data),,,,,,,,,,,,,,,,,,,
,,,,,,on,positive,6,5,,,,,,,,20240602-003635,6,yes,1000,good,,POS - 5 GeV - Coll. 6 - test for momentum scan with GEM (good data),,,,,,,,,,,,,,,,,,,
,,,,,,on,negative,12,4,,,,,,,,20240602-004100,8,yes,1000,good,,NEG - 4 GeV - Coll. 12 - test for momentum scan with GEM (good data),,,,,,,,,,,,,,,,,,,
,,,,,,on,negative,12,11.5,,,,,,,,20240602-004616,29,yes,10000,good,,NEG - 11.5 GeV - Coll. 12 - test for momentum scan with GEM (good data),,,,,,,,,,,,,,,,,,,
,,C2F6 (1.0008),,"2x aerogel tiles:
--Beam--
-AG24H001(1.026)
-AG24H006(1.026)
--detector--",,,,,,,,,,,,,,,,,,,"Aerogel in, momentum scan",,,,,,,,,,,,,,,,,,,
,,,,,,,,,,,,,,,,,,,,,,,See tab Momentum Scan Gas + 1.026,,,,,,,,,,,,,,,,,,,
,,,,,,,,,,,,,,,,,20240602-091517,9,-,-,bad,,"no beam,empty",,,,,,,,,,,,,,,,,,,
,,C2F6 (1.0008),,"2x aerogel tiles: AG22-J001 (1.021)
AG22-J003 (1.0207)",,,,,,,,,,,,,,,,,,,"change in Aerogel, momentum scan",,,,,,,,,,,,,,,,,,,
,,,,,,,,,,,,,,,,,,,,,,,See tab Momentum Scan Gas + Aerogel,,,,,,,,,,,,,,,,,,,
,,,,,,,,,,,,,,,,,,,,,,,,,,,,,,,,,,,,,,,,,,
,,,,,,,,,,,,,,,,,20240603-055252,,,,,,--- FROM 05:50 --- PDU3 at -7C,,,,,,,,,,,,,,,,,,,
,,,,,,,,,,,,,,,,,,,,,,,,,,,,,,,,,,,,,,,,,,
03/06/2024,morning,,,,,,,,,,,,"PDU1: -40
PDU2: -39.5
PDU3: -40
PDU4: -40
PDU5: -26
PDU6: -38.5
PDU7: -26
PDU8: -40","PDU1: 53
PDU2: 53
PDU3: 53
PDU4: 53
PDU5: 53.7
PDU6: 53
PDU7: 53.7
PDU8: 53",,,,,,,,,lowering the temperaratures of SiPM as low as possible,,,,,,,,,,,,,,,,,,,
,,,,,,,,,,,,,,,,,,,,,,,chiller at 5 C,,,,,,,,,,,,,,,,,,,
,,,,,,on,negative,12,11.5,,,,,,,,20240603-132553,2,,1000,bad,,LOW TEMP TEST,,,,,,,,,,,,,,,,,,,
,,,,,,,,,,,,,,,,,20240603-132949,5,,1000,bad,,LOW TEMP TEST,,,,,,,,,,,,,,,,,,,
,,,,,,,,,,,,,,,,,20240603-133454,10,2110,1553,good,,,,,,,,,,,,,,,,,,,,,
,,,,,,,,,,,,,,,,,20240603-135925,,2111,10000,good,,,,,,,,,,,,,,,,,,,,,
,,,,,,,,,,,,,,,,,20240603-145031,,2112,10000,good,,,,,,,,,,,,,,,,,,,,,
,,C4F10 (1.0014),,,,,,,,,,,,,,,,,,,,,change Gas,,,,,,,,,,,,,,,,,,,
,,,,,,,,,,,,,,,,,20240604-201006,2,2114,0,warning,,First test after re-mounting -> GEM did not start properly: cards enabled 0,,,,,,,,,,,,,,,,,,,
,,,,,,,,,,,,,,,,,20240604-201239,6,2117,1000,good,,,,,,,,,,,,,,,,,,,,,
,,,,,,,,,,,,,,,,,20240604-210538,0,0,0,,,,,,,,,,,,,,,,,,,,,,